"29b3f4a30dea6688d4c289c9672cb996","1-ddfdec8050c7ef4dc694eeeda6c4625e","2013-01-11 22:03:00",+4.07033460000000E+001,-7.40144200000000E+001,"A93D1F7F8998FFB75EEF477EB6077516","68BC16A99E915E44ADA7E639B4DD5F59",2,"2013-01-11 21:48:00",+4.06760670000000E+001,-7.39810790000000E+001,1,,+4.08000000000000E+000,900,"VTS"
"2a80cfaa425dcec0861e02ae44354500","1-b72234b58a7b0018a1ec5d2ea0797e32","2013-01-11 04:28:00",+4.08190960000000E+001,-7.39467470000000E+001,"64CE1B03FDE343BB8DFB512123A525A4","60150AA39B2F654ED6F0C3AF8174A48A",1,"2013-01-11 04:07:00",+4.07280540000000E+001,-7.40020370000000E+001,1,,+8.53000000000000E+000,1260,"CMT"
"29b3f4a30dea6688d4c289c96758d87e","1-387ec30eac5abda89d2abefdf947b2c1","2013-01-11 22:02:00",+4.07277180000000E+001,-7.39942860000000E+001,"2D73B0C44F1699C67AB8AE322433BDB7","6F907BC9A85B7034C8418A24A0A75489",5,"2013-01-11 21:46:00",+4.07577480000000E+001,-7.39649810000000E+001,1,,+3.01000000000000E+000,960,"VTS"
"2a80cfaa425dcec0861e02ae446226e4","1-aa8b16d6ae44ad906a46cc6581ffea50","2013-01-11 10:03:00",+4.07643050000000E+001,-7.39544600000000E+001,"E90018250F0A009433F03BD1E4A4CE53","1AFFD48CC07161DA651625B562FE4D06",5,"2013-01-11 09:44:00",+4.07308080000000E+001,-7.39928280000000E+001,1,,+3.64000000000000E+000,1140,"CMT"
"29b3f4a30dea6688d4c289c9675a019c","1-dc8295eae03262a84370b8a6450eb38e","2013-01-11 22:02:00",+4.07294460000000E+001,-7.39777980000000E+001,"A4905117273C479965F469A85DE2363D","8BF138EA0CF6FF83587993BECA6D6D59",1,"2013-01-11 21:48:00",+4.07672460000000E+001,-7.39845350000000E+001,1,,+3.69000000000000E+000,840,"VTS"
"0ba1d5e3cc0d075c6513a0a1a2d2d2c8","1-b004c36cb212e5a8399591ed9bf1ab16","2013-01-11 10:22:00",+4.08002430000000E+001,-7.39653780000000E+001,"3CEA0E36D984553348CA536F07CA7617","23A8ED0AAA1936A28C652B80903B42FB",2,"2013-01-11 10:01:00",+4.07487490000000E+001,-7.39966050000000E+001,1,,+4.38000000000000E+000,1260,"VTS"
"29b3f4a30dea6688d4c289c9675d2b2e","1-e5d974cc18ee010bdadc938f429ea4b0","2013-01-11 12:35:00",+4.08235400000000E+001,-7.39494090000000E+001,"57749B2DA60E2F46512AFAAFD8C116BC","42BC02EC8FC9719B5B8075C3029B9EE9",1,"2013-01-11 12:22:00",+4.08421130000000E+001,-7.39392850000000E+001,1,,+2.41000000000000E+000,780,"CMT"
"2a80cfaa425dcec0861e02ae4463fd7f","1-0874f169553c33569e767caf2b3214a3","2013-01-11 20:28:00",+4.07467160000000E+001,-7.39899370000000E+001,"0DF63DB5EFE70702BFDD877770B21604","EB49CE1B3661EF6100CF9EA1B860932E",3,"2013-01-11 20:13:00",+4.07285690000000E+001,-7.39755940000000E+001,1,,+1.92000000000000E+000,900,"VTS"
"0ba1d5e3cc0d075c6513a0a1a2d6b221","1-4c86f2988613a685795e8bd753390d29","2013-01-11 12:51:00",+4.07886810000000E+001,-7.39467320000000E+001,"5F18C262C656CCDE401E240C849DAE61","DDE6F0B0832FA5CCE8491924E360FB45",1,"2013-01-11 12:36:00",+4.07450220000000E+001,-7.39784390000000E+001,1,,+3.56000000000000E+000,900,"VTS"
"2a80cfaa425dcec0861e02ae4465114a","1-864e1450f7d337140c245f85ef6972c6","2013-01-11 07:56:00",+4.07648770000000E+001,-7.39683230000000E+001,"518F5695F2D22A0E2316C74649787AC5","67D7E407C25038B0CDDE600BD2F5244F",2,"2013-01-11 07:24:00",+4.08301930000000E+001,-7.39278640000000E+001,1,,+3.80000000000000E+000,1920,"CMT"
"29b3f4a30dea6688d4c289c9675eb2d1","1-72855d2a3183aab69cf8a5e1bddc7ff6","2013-01-11 12:37:00",+4.07401890000000E+001,-7.39973980000000E+001,"7F75B417BAE84208E28E16488B49899A","2D84EC6CD02550324CD938375C843D60",1,"2013-01-11 12:20:00",+4.07550700000000E+001,-7.39746400000000E+001,1,,+2.05000000000000E+000,1020,"VTS"
"0ba1d5e3cc0d075c6513a0a1a2d72123","1-d210cffa57419d8cabd26c5050a66f24","2013-01-11 12:52:00",+4.08237380000000E+001,-7.39073940000000E+001,"F7BC5A38EDE03DC655A83B3402694084","8598F674FC21BEE23203A26EFB5E6BDC",4,"2013-01-11 12:34:00",+4.07772450000000E+001,-7.39460750000000E+001,1,,+4.50000000000000E+000,1080,"VTS"
"c8ff1e7cd7d01fcd4f20cc17ec8e9bfd","1-a6e8d75bb76c4ee92a856cdbcea60481","2013-11-26 00:41:51",+4.07749790000000E+001,-7.39040990000000E+001,"B5F509B294730AF3A47ECA458020C66B","B4728ACD1246C92603F266AB9FB9F021",1,"2013-11-26 00:19:00",+4.06743890000000E+001,-7.39506150000000E+001,1,"N",+1.06000000000000E+001,1370,"CMT"
"c7383a629989644afd04861c56616424","1-375ccd7c642c848396899de09205557d","2013-11-26 12:29:46",+4.07683330000000E+001,-7.38616260000000E+001,"149E15C830C18CCB2ABC9EC0089E9944","BBC31EB1C60B35DC8DCA5EF4FDA851C9",1,"2013-11-26 12:05:39",+4.07296030000000E+001,-7.39868320000000E+001,1,"N",+1.06000000000000E+001,1446,"CMT"
"1a80afd6baa69925f458a54bd241477b","1-5be6dabf0b89fc755065d2e4158ea26e","2013-11-26 12:22:55",+4.07604370000000E+001,-7.39711070000000E+001,"EAD81ABA2D1A0B70F6D58DB63790BF39","D1E024C707FEC9E0A6FE3248962767A4",5,"2013-11-26 12:02:36",+4.07739260000000E+001,-7.39487380000000E+001,1,"N",+2.30000000000000E+000,1219,"CMT"
"f60fac962fedd6e7d8d996882dc7ccc3","1-78513c06269049834aa1bc97135e97d5","2013-02-11 10:30:51",+4.07419740000000E+001,-7.39783550000000E+001,"F6D4DBD5FFDDEDB8351FFDC3DD7D25D0","59D75B2BAF32E53A65D3E69A666C9AC6",1,"2013-02-11 10:12:00",+4.07111130000000E+001,-7.40160750000000E+001,1,"N",+5.70000000000000E+000,1130,"CMT"
"c635d7759ccce57b894174320517c7e2","1-0a88ce85e818134fbb19cc1460387890","2013-02-11 17:05:51",+4.07543750000000E+001,-7.39926380000000E+001,"62B072D9BA3C5BFB431EA2C20723A33A","D886C7DC412D236CF1797D4B5BC90DDB",2,"2013-02-11 16:47:40",+4.07452770000000E+001,-7.39868090000000E+001,1,"N",+1.00000000000000E+000,1091,"CMT"
"838486e993359674c65e2d3832f85182","1-5458764c5ab4336819a09c82b427c4db","2013-02-09 19:10:00",+4.07570230000000E+001,-7.39668500000000E+001,"0DA8061CFDC140FC604997506DA02114","D963CBA95EBF390B8ED932C3ACBBCE6D",1,"2013-02-09 18:55:00",+4.07747840000000E+001,-7.39806820000000E+001,1,,+1.99000000000000E+000,900,"VTS"
"8b1b824ec8966c2fca693808f0542181","1-9d8300910f491e9c48995a95052df6e8","2013-02-09 01:31:00",+4.08203160000000E+001,-7.39547960000000E+001,"5C8EA7E7A3C69F25ECBB516879FDA69C","9A5DBE61B9AADF373F1C8B16E4368B60",2,"2013-02-09 01:18:00",+4.07951740000000E+001,-7.39732130000000E+001,1,,+2.62000000000000E+000,780,"VTS"
"c635d7759ccce57b89417432052af020","1-87d72b8d964c0bc4804c9ef14ac1a72f","2013-02-11 17:06:02",+4.07483060000000E+001,-7.39885030000000E+001,"47E3BB27C9CD8B519C8B29E92F4386C6","E22AB8679FCC7FBCB81BE56FD5BB2C3C",1,"2013-02-11 16:52:48",+4.07622340000000E+001,-7.39731220000000E+001,1,"N",+1.80000000000000E+000,793,"CMT"
"edb7fcf9929620595db7c09e88eea27c","1-d8fa23c1a0f40454449e423d8eeca8e6","2013-02-11 13:31:29",+4.07096290000000E+001,-7.40087890000000E+001,"6158E55D09DE52F3150ADCB14F36EEE7","DAA2A7CD61FA15E2AEE1D8641E3FF50A",3,"2013-02-11 13:13:15",+4.07389830000000E+001,-7.39803390000000E+001,1,"N",+3.00000000000000E+000,1093,"CMT"
"8443fc6694b4c22d0baaad5a7102873c","1-41148584cfbbd63150ee75481ab8d660","2013-02-09 01:27:00",+4.07402460000000E+001,-7.39489060000000E+001,"7616696C28B9E04EBF3BC74FB6F51262","CD7B02776E69483397952DC5E1F44DFE",1,"2013-02-09 01:07:00",+4.07442700000000E+001,-7.39550780000000E+001,1,,+9.90000000000000E-001,1200,"VTS"
"a3ec95b0ee276854c53c7fd1cd68c100","1-58e88f019ebb761358d6fc788c6e7d27","2013-02-09 18:55:00",+4.07827910000000E+001,-7.39713820000000E+001,"C2F43609B9327AB4ED0389830133D86C","38430A1E8F71F05EA3170738409CFBA5",5,"2013-02-09 18:39:00",+4.07450640000000E+001,-7.39945980000000E+001,1,,+3.96000000000000E+000,960,"VTS"
"c635d7759ccce57b89417432053b56f7","1-7e52405dfb77c1bed34345d3930a8d7b","2013-02-11 09:37:17",+4.07043080000000E+001,-7.40114140000000E+001,"06C797C8080F603EE1E503F5332446F1","DDA984059689DE7149D7ADB1D88CD556",1,"2013-02-11 09:21:17",+4.07503170000000E+001,-7.39724270000000E+001,1,"N",+5.00000000000000E+000,959,"CMT"
"c7a046238400159b6d2f7dbbcef47476","1-0c1ee3b965deacb37372a560b841b050","2013-11-26 14:47:13",+4.07297550000000E+001,-7.39929810000000E+001,"0E498C39B5C7841995218F4DA021840D","7BAE537DCF7B063A39B9F8AB609F8E1C",3,"2013-11-26 14:29:49",+4.07316130000000E+001,-7.39852370000000E+001,1,"N",+2.40000000000000E+000,1043,"CMT"
"c4e32ba7732aad01f587fb8ba2146489","1-6819050fdb61422fa37592a3b11cb904","2013-11-26 15:08:00",+4.07540020000000E+001,-7.39893260000000E+001,"F1B39F51789365070C131527BE3F3D45","6FD0A491CD9411FC9E8A7632526E86B6",1,"2013-11-26 14:55:00",+4.07452130000000E+001,-7.39986110000000E+001,1,,+9.00000000000000E-001,780,"VTS"
"c82c209a82326daf28a160e30d573556","1-a5e27bba289ef7f7984edbe8d5b79728","2013-11-26 22:17:50",+4.07583920000000E+001,-7.39901500000000E+001,"5A44E76340D15F554A31DFB7B0427D3E","A9509245EB43F84F2F4DAD81A118E118",2,"2013-11-26 22:05:01",+4.07713890000000E+001,-7.39823070000000E+001,1,"N",+1.30000000000000E+000,769,"CMT"
"c82c209a82326daf28a160e30d8e3f59","1-c4d7f68c515c9fa5202733f7d4fdb603","2013-11-26 09:37:00",+4.07634010000000E+001,-7.39696350000000E+001,"185A665B939DDCABF8F798E23C8E3941","6F02BAF06FEE31BD6AEE4A7FBD84D680",1,"2013-11-26 09:15:00",+4.07089770000000E+001,-7.40173420000000E+001,1,,+7.19000000000000E+000,1320,"VTS"
"c4e32ba7732aad01f587fb8ba2c1d031","1-589d08415653923eaf645faa7b259138","2013-11-26 02:19:00",+4.08207360000000E+001,-7.39399410000000E+001,"52169A073CB4E5B1DB22045E075AF851","6B22AE697469CEA3DB866376A918349A",2,"2013-11-26 01:54:00",+4.07363010000000E+001,-7.39909820000000E+001,1,,+8.84000000000000E+000,1500,"CMT"
"d5ad210cf5883625c8e7b2c4c087ae97","1-1499c59c863f54660684d44ca1ae14b1","2013-11-26 19:49:09",+4.07964970000000E+001,-7.39385830000000E+001,"401A08E20517AF98A5A2DC72E684E803","7AAE4C25B0B7C30FF131643D298A9130",1,"2013-11-26 19:01:34",+4.07467770000000E+001,-7.39900820000000E+001,1,"N",+5.70000000000000E+000,2855,"CMT"
"c7a046238400159b6d2f7dbbce76a55a","1-251e553dd840296c5f4c89f7a24bdc67","2013-11-26 15:46:53",+4.07815360000000E+001,-7.39810410000000E+001,"DEB3CA92C327A5EEE5355FCC61DD0800","0AD9AEDF8965687A1B8AE575EDD96774",1,"2013-11-26 15:26:55",+4.07633510000000E+001,-7.39704510000000E+001,1,"N",+2.80000000000000E+000,1198,"CMT"
"cf56894cd0bedc202dbdd97351b8f4cc","1-f58fda287b6413bd4aed319125ade266","2013-11-26 08:28:07",+4.07481690000000E+001,-7.40039520000000E+001,"ABA6223933ED3C6761DBA50C8834D86C","35F0522181AE560EC9817B4B12B60EEE",2,"2013-11-26 08:15:06",+4.07290840000000E+001,-7.39937820000000E+001,1,"N",+2.10000000000000E+000,781,"VTS"
"d69cabb64495eeae8d0c5b48a17228b1","1-8108d2596e2efa0af52b1cefa3cbac7a","2013-11-26 21:27:00",+4.07863350000000E+001,-7.39518430000000E+001,"4B94926C49CCB63F5F693B1932B24A98","3B8B4D7BBE18E91921FA6C7B82FECD4A",4,"2013-11-26 21:12:00",+4.07645870000000E+001,-7.39774480000000E+001,1,,+2.85000000000000E+000,900,"VTS"
"d69cabb64495eeae8d0c5b48a172cefe","1-f230aa1aa74cd11271d31d277a70034b","2013-11-26 10:46:00",+4.07539670000000E+001,-7.39718400000000E+001,"85195BA7D5F2A6380E66C3A8482C6D58","4831383F7FDD5D0DFA715D124BB92BEB",1,"2013-11-26 10:31:00",+4.07594600000000E+001,-7.39955670000000E+001,1,,+1.52000000000000E+000,900,"CMT"
"d148df63a78ad3422beefd8171264a05","1-086191194cfa3acf24a3f76a7ee7ebc8","2013-11-26 07:53:45",+4.07215420000000E+001,-7.39836120000000E+001,"1E242FE94709DE84CED8759C549820DD","E2592DA19DD99FEB2E1A3EDA98A0F36D",1,"2013-11-26 07:32:31",+4.07031900000000E+001,-7.39895780000000E+001,1,"N",+4.00000000000000E+000,1273,"CMT"
"8783f8d258eeb52c4856cee4aeb945b6","1-6262cf154b25d4a2e2fa937f213d5aeb","2013-11-26 00:21:12",+4.07134250000000E+001,-7.39561610000000E+001,"EE73A4418E6E000EC384ED64DFBF7A30","F05FC1F8702EBA4A670E52D48D363F14",3,"2013-11-26 00:01:26",+4.07614900000000E+001,-7.39867020000000E+001,1,"N",+5.40000000000000E+000,1185,"VTS"
"5b6168e8c48445dba0b4c09500d8595f","1-ccd1109992438e166596304f85aebdfc","2013-01-11 13:47:10",+4.08140680000000E+001,-7.39525600000000E+001,"E07967B267A045FD4CB40FE72C76403A","E8260A241D62ECC156ECB8AD607E1E6B",3,"2013-01-11 13:34:22",+4.07898710000000E+001,-7.39523390000000E+001,1,"N",+2.30000000000000E+000,768,"CMT"
"5b6168e8c48445dba0b4c09500d8b8a0","1-f61c3e2b6419b12c7e14f36c743bac3f","2013-01-11 11:21:36",+4.07572360000000E+001,-7.39756320000000E+001,"9F129AB93B1551856B390F284853FE87","BCDEAD3783CF34DA6D85762CECDA81FE",1,"2013-01-11 11:08:07",+4.07324560000000E+001,-7.39816440000000E+001,1,"N",+2.10000000000000E+000,809,"CMT"
"5b6168e8c48445dba0b4c09500db716d","1-2666e7a163e91d133ae16e76afcdb2ce","2013-01-11 09:03:48",+4.07668760000000E+001,-7.39535680000000E+001,"F97423A98C066BEDD43C71C419801799","EDFBA9599DD988A0981754A9E5A54CCD",1,"2013-01-11 08:49:32",+4.07617680000000E+001,-7.39680560000000E+001,1,"N",+1.10000000000000E+000,856,"VTS"
"5b6168e8c48445dba0b4c095007b3e02","1-3d12a14bd063414874310e9367252a65","2013-01-11 13:26:56",+4.07424200000000E+001,-7.40043790000000E+001,"A9130ED9D0C01A47F9A1AFFA7E4C878F","18D226BF7FFEE1775B8117A9704191C2",2,"2013-01-11 13:12:06",+4.07137180000000E+001,-7.40092390000000E+001,1,"N",+2.20000000000000E+000,890,"CMT"
"3e8a6d8a7346b80d525ad6a947837d7e","1-f2b9e59d0f3c6dee2481516b702e2121","2013-11-26 09:53:41",+4.07663350000000E+001,-7.39651640000000E+001,"257A3B3A94D96F0D41F2A38FAA29DCAB","9EFA1C0B0159DD4ABEDE3A4128A15486",1,"2013-11-26 09:33:57",+4.07314450000000E+001,-7.39824750000000E+001,1,"N",+1.40000000000000E+000,1184,"VTS"
"396c4b4c9d13de48a2b18229617a298f","1-23aad94bb47f08d09054d6e3d17ff0ea","2013-11-26 21:42:00",+4.07647170000000E+001,-7.39881520000000E+001,"838AA6D075CC7C5B9EED4C3177194358","1E6D1F80AF2D6D7ABEBD2498C3D40669",3,"2013-11-26 21:28:00",+4.07812310000000E+001,-7.39574360000000E+001,1,,+2.69000000000000E+000,840,"VTS"
"3c3e476b6eeb5782850b298cc0e14dbd","1-7babe87d2c59eaf5b7877b84a616550e","2013-11-26 07:41:00",+4.07743420000000E+001,-7.38726730000000E+001,"174F00FEDED4FC7517931A15F73D7DB3","205CCC9B84F0BCA91B461CC53E27BB71",1,"2013-11-26 07:18:00",+4.07556720000000E+001,-7.39815980000000E+001,1,,+1.09400000000000E+001,1380,"VTS"
"1720993757c4537a8a8b0af0cad9fd76","1-c7fb18920490f02ef347934117f8c551","2013-11-26 13:03:00",+0.00000000000000E+000,+0.00000000000000E+000,"4136C243ABF261590D124F2838A55669","D6892CBB7611985DC3EFB6239BB35E74",2,"2013-11-26 12:46:00",+0.00000000000000E+000,+0.00000000000000E+000,1,,+2.40000000000000E+000,1020,"CMT"
"3c3e476b6eeb5782850b298cc0ff6682","1-309e985273f7593bce87234269c2b6ee","2013-11-26 01:31:00",+4.08687480000000E+001,-7.39211730000000E+001,"9046E14BF19F615CA2F69F3155ED63DA","03BEA0DB03A589C5C77BD4152A2F4396",6,"2013-11-26 01:09:00",+4.07517240000000E+001,-7.40036470000000E+001,1,,+9.99000000000000E+000,1320,"VTS"
"36ee7b717fe7e6ac2ab51347da0c119d","1-c019556ce0ff3709a0f8a6c394dd11aa","2013-11-26 13:17:00",+4.07491910000000E+001,-7.39918370000000E+001,"29072E7A80B6B4E108AD82B4779D2234","8EC82124F974FC1FD2EECA55DECBDBAD",1,"2013-11-26 12:43:00",+4.07593500000000E+001,-7.39767680000000E+001,1,,+2.08000000000000E+000,2040,"VTS"
"184b2ec14d00fa3307bc44ce120fdbe0","1-40e9b901499132ddfd08b583afdb11bc","2013-11-26 23:02:00",+4.07710300000000E+001,-7.39498900000000E+001,"C4797F9008D4345B41B60906F5FCD5D3","A87E2C633EEB9BCF863389CCE1C6D8F9",1,"2013-11-26 22:48:00",+4.07239910000000E+001,-7.39824830000000E+001,1,,+4.05000000000000E+000,840,"CMT"
"374850314ed9b0994ecccc31f1830e6e","1-d26274c0b1c253944f730221b5e1caa9","2013-11-26 20:09:38",+4.07217900000000E+001,-7.39580230000000E+001,"338DC39BA309B2AA21927723E878CDD4","0971349D565465592780C908957EE890",1,"2013-11-26 19:27:02",+4.07643320000000E+001,-7.39820560000000E+001,1,"N",+6.90000000000000E+000,2556,"CMT"
"6495aa37b4e5c16211fec279dd4a261c","1-de77c1a6ff526942b0f51f22b0fcb0d0","2013-11-26 10:51:00",+4.07262540000000E+001,-7.39952550000000E+001,"DA5C20E6B3A7B316FFBA30D39D8D5E10","B5EB446D51AF2B3A8EC944B015D202FA",1,"2013-11-26 10:22:00",+4.07977490000000E+001,-7.39696880000000E+001,1,,+6.84000000000000E+000,1740,"VTS"
"1840dccc97d17732ee220f20ffb8edbf","1-9be0ac4cb9ec233dcab11b6fb2b1ad8e","2013-11-26 07:57:00",+4.07576330000000E+001,-7.39740220000000E+001,"6F0834B4E7495FB4D11A154D935BD858","22A40B4080862C7FAC42341CB260B99A",1,"2013-11-26 07:39:00",+4.07216220000000E+001,-7.40082090000000E+001,1,,+3.83000000000000E+000,1080,"VTS"
"fff43e5eb5662eecf42a3f9b5f39ef1b","1-f1738d67048f7ccb90fd0f6481f9a0bc","2013-11-26 08:57:00",+4.07297860000000E+001,-7.40083010000000E+001,"2ED9E11A61A81CA259FEDE1D4AF09D6E","C7F75BDBBAD1C07EDCD34208CCE57988",5,"2013-11-26 08:38:00",+4.06935080000000E+001,-7.39800030000000E+001,1,,+3.49000000000000E+000,1140,"CMT"
"f0a7675beb17a8b2400ce09028b680d4","1-a35999d5e34a702a09ab313a3db70886","2013-11-26 12:35:42",+4.07671320000000E+001,-7.39898990000000E+001,"8F327F7849789A57F0DEE7256B045D4F","429AD5759D9F317802F3A6C5F138E7B9",1,"2013-11-26 12:22:48",+4.07630040000000E+001,-7.39738010000000E+001,1,"N",+1.00000000000000E+000,774,"CMT"
"6616e7874cb3d56b67f39ceee1535fd2","1-22a5a1ed5cc560d0b1ef6dfe079f5381","2013-11-26 07:15:00",+4.07098620000000E+001,-7.37902760000000E+001,"2FCF91219C4E871079E738AAEBA92750","41A9848FCA764BCBC8C0C370611C9F14",1,"2013-11-26 06:48:00",+4.06448780000000E+001,-7.37824860000000E+001,1,,+7.11000000000000E+000,1620,"VTS"
"1c644f227f15d830f679877b67412e6c","1-e350a11735dc1cda7fceb1be34fbacda","2013-11-26 23:54:00",+4.07580340000000E+001,-7.39886700000000E+001,"9604ED728A543490722DC923749E03B8","D19AA64EC819046B01E11AC616D3736B",2,"2013-11-26 23:35:00",+4.07175100000000E+001,-7.39991910000000E+001,1,,+3.48000000000000E+000,1140,"VTS"
"1c644f227f15d830f679877b674365e6","1-bf4003e632c5bb67b6347ade37e8968a","2013-11-26 07:38:00",+4.07694400000000E+001,-7.39549260000000E+001,"894F25F0E5B79FD9855167222143D63E","F0A84D279FA8E9B6E9F28FDDBB714CB3",1,"2013-11-26 06:48:00",+4.06449130000000E+001,-7.37931900000000E+001,2,,+1.99300000000000E+001,3000,"VTS"
"1c644f227f15d830f679877b67440695","1-8c5c08ac5de810bf3e4f62e76b626c25","2013-11-26 22:51:00",+4.08684390000000E+001,-7.39241790000000E+001,"6C04ED6A629B7261C16F5857477C326F","F0A84D279FA8E9B6E9F28FDDBB714CB3",1,"2013-11-26 22:30:00",+4.07567750000000E+001,-7.39977340000000E+001,1,,+9.30000000000000E+000,1260,"VTS"
"1c644f227f15d830f679877b6767058d","1-6409e7d7ed0a8b9e326edd67954abf95","2013-11-26 12:00:00",+4.07844510000000E+001,-7.39534150000000E+001,"02E3D3EAC5BE2E0634CEE256777264B6","F84ADEE7A2BC2A1B2D686348F1269E2D",2,"2013-11-26 11:47:00",+4.07636450000000E+001,-7.39635090000000E+001,1,,+1.83000000000000E+000,780,"CMT"
"80e5d837f7e58103eb18755ab800a078","1-9f796a4c31eb469578defe69f77d6c4a","2013-11-26 12:57:00",+4.07654800000000E+001,-7.39550400000000E+001,"C09787AFB9666F1FF2784864FE2B2E66","86E1F2746EA43D45EACC5B3B3FCC547C",5,"2013-11-26 12:39:00",+4.07860490000000E+001,-7.39512100000000E+001,1,,+1.90000000000000E+000,1080,"VTS"
"fff43e5eb5662eecf42a3f9b5ff1fc5b","1-18b010dab3a3f83ebf4b9f31e88c615d","2013-11-26 03:59:00",+4.06860810000000E+001,-7.39520720000000E+001,"5E3208C5FA0E44EA08223489E3853EAD","DC67FC4851D7642EDCA34A8A3C44F116",1,"2013-11-26 03:42:00",+4.07407150000000E+001,-7.40045620000000E+001,1,,+5.84000000000000E+000,1020,"VTS"
"90ebc4b16f2eb4660743154df2ee99b8","1-0898a18ee8654091e8e00444dfdeca03","2013-11-26 18:58:22",+4.07581750000000E+001,-7.39866490000000E+001,"7EB61C5FCC41F61A8F5D93DB10ECE6DC","FA48B4171DF5DAD8991253F81E2BF0FE",1,"2013-11-26 18:38:44",+4.07658690000000E+001,-7.39691620000000E+001,1,"N",+1.40000000000000E+000,1177,"CMT"
"0bfb560b56ff33858ac0cbf3150514be","1-0127787c0b82a38e693fc32b57de8a04","2013-01-11 23:16:00",+4.07192990000000E+001,-7.39972000000000E+001,"4D85F9862CD0E1675B0946F1A4535B42","9B5BE818E3C04896687FFD3C4BF5555F",3,"2013-01-11 22:59:00",+4.07523420000000E+001,-7.39840620000000E+001,1,,+3.34000000000000E+000,1020,"VTS"
"2a80cfaa425dcec0861e02ae4490cc7a","1-fae48ad0a2820986c99a4477defc8fd9","2013-01-11 20:29:00",+4.07867360000000E+001,-7.39724430000000E+001,"28B3ADA18F20647863C9A45BCAAA017A","4EE20C42C8FDC2AE756897934A8DC863",1,"2013-01-11 20:13:00",+4.07255100000000E+001,-7.40075150000000E+001,1,,+5.50000000000000E+000,960,"VTS"
"0bfb560b56ff33858ac0cbf31507cab5","1-23fc83ed78797e9bb095b368eac81c8c","2013-01-11 23:25:00",+4.07433510000000E+001,-7.39768980000000E+001,"3A0C7EE8BC3CB45E8B3934027B9A9F88","A99D6EFA724BB34AE80D229022A81A03",1,"2013-01-11 23:12:00",+4.07594530000000E+001,-7.39767300000000E+001,1,,+1.90000000000000E-001,780,"CMT"
"29b3f4a30dea6688d4c289c9678c3412","1-44683cb15fe64478bb6021be7d3a6c08","2013-01-11 22:02:00",+4.07778210000000E+001,-7.39818950000000E+001,"92A6C54F05688F8E5CD2E32BBCB4FBA9","E4CF46763B08F900DC762EDEB6C37D2D",1,"2013-01-11 21:49:00",+4.07853700000000E+001,-7.39495540000000E+001,1,,+2.92000000000000E+000,780,"VTS"
"2a80cfaa425dcec0861e02ae44c0d4cb","1-531d4adda20fc16181b5b0e7c5626cb9","2013-01-11 20:29:00",+4.07284200000000E+001,-7.40033190000000E+001,"AD3183B21BB9B04D245D4B193744DBE5","C3FB6119AC1744CBFEA564666D9DD0CB",2,"2013-01-11 20:10:00",+4.07500340000000E+001,-7.39707570000000E+001,1,,+3.06000000000000E+000,1140,"VTS"
"0bfb560b56ff33858ac0cbf3153c60dc","1-9bd085151ac8ec4af39114a26792db3a","2013-01-11 15:00:00",+4.07990530000000E+001,-7.39684980000000E+001,"4305446FDF9ADC199DD8DDCDBC8E0405","56CFEB33A88C64FE42AC17F87B0806D6",1,"2013-01-11 14:44:00",+4.07640650000000E+001,-7.39851530000000E+001,1,,+2.79000000000000E+000,960,"CMT"
"2a80cfaa425dcec0861e02ae44c0fbe0","1-fe2774ded14ed49b1f819a9eb98df84d","2013-01-11 12:50:12",+4.07601550000000E+001,-7.39886250000000E+001,"38463EBA822A6CFE0CA8D02A0B4FFCEF","0569F84408A7FEC019A30D743C3E8420",3,"2013-01-11 12:28:28",+4.08075260000000E+001,-7.39643940000000E+001,1,"N",+4.50000000000000E+000,1303,"CMT"
"2a80cfaa425dcec0861e02ae44c440a3","1-1400d3b0cc67f0b2321fc8f37af9287f","2013-01-11 08:42:00",+4.07605780000000E+001,-7.39755710000000E+001,"80CD9D08EA70D3B15CDB89AF2817FD1D","D42098D261108253399EED5316D41CD5",1,"2013-01-11 08:22:00",+4.07816890000000E+001,-7.39519580000000E+001,1,,+2.42000000000000E+000,1200,"VTS"
"29b3f4a30dea6688d4c289c967b33f08","1-a1456b2636e87d344bbacc3ecd038b1a","2013-01-11 12:34:00",+4.07239040000000E+001,-7.39978490000000E+001,"D0EC0ADDC2F43CBF702A73E673D86C54","8AF8D44120665B8AF23861D6478EAB33",2,"2013-01-11 12:09:00",+4.07616350000000E+001,-7.39742280000000E+001,1,,+3.05000000000000E+000,1500,"VTS"
"2a80cfaa425dcec0861e02ae44c5d8da","1-ec8e631adae8f2cbce46b32159a9972a","2013-01-11 07:55:00",+4.07107580000000E+001,-7.40054700000000E+001,"A83005AFDA17748CA45FBF7B4C023E66","D644A38A43A80AE2C1696CE2B5F46D97",1,"2013-01-11 07:40:00",+4.07493550000000E+001,-7.39725040000000E+001,1,,+4.56000000000000E+000,900,"VTS"
"2a80cfaa425dcec0861e02ae44c6820e","1-f5594e9d81471e4099f6c51af91f330d","2013-01-11 13:56:51",+4.07612920000000E+001,-7.39865880000000E+001,"E5336AEB57D34465B7691C60A4054CE7","4257B6609B36079DF301A16854A95F8A",2,"2013-01-11 13:01:18",+4.06453320000000E+001,-7.37766340000000E+001,2,"N",+1.85000000000000E+001,3332,"CMT"
"29b3f4a30dea6688d4c289c967b4c8fc","1-9883beca8b4753d57ff48db084c44c08","2013-01-11 21:57:00",+4.07160870000000E+001,-7.39035190000000E+001,"EFB61594E7432E0EF4FD12AD45DD7400","87EC71AD17EADAF165B14AA80C54063A",1,"2013-01-11 21:41:00",+4.07512400000000E+001,-7.39799730000000E+001,1,,+5.70000000000000E-001,960,"VTS"
"0bfb560b56ff33858ac0cbf3156fe148","1-e0f52bff3d8f0e557e614aacbe738f25","2013-01-11 23:45:00",+0.00000000000000E+000,+0.00000000000000E+000,"0B0FC85BEBF4BC63854493FC195BFAF4","75B38A8DE8DCE855A5BFEFD924E73404",6,"2013-01-11 23:24:00",+0.00000000000000E+000,+0.00000000000000E+000,1,,+3.98000000000000E+000,1260,"VTS"
"edb7fcf9929620595db7c09e8854e452","1-0a26ac73cfc4d04795f59562b30d7ac5","2013-02-11 12:22:36",+4.07656480000000E+001,-7.39702300000000E+001,"FD45C5C5B518F9289C118A0E72609FD4","6DBD2CAC39BDF995F473D30BADE68F47",1,"2013-02-11 12:01:41",+4.07915650000000E+001,-7.39759980000000E+001,1,"N",+2.50000000000000E+000,1255,"CMT"
"921dff6d559c342907e64a51ceb7bccb","1-8ae0f58df599b0776a1be24ad26d2e65","2013-02-09 02:48:00",+4.07726630000000E+001,-7.39218520000000E+001,"2B66B33054FF45AA011928E57BDFA2E1","D44E3A8623C40706BB27807ACF229627",1,"2013-02-09 02:30:00",+4.07571180000000E+001,-7.39716030000000E+001,1,,+4.38000000000000E+000,1080,"VTS"
"8443fc6694b4c22d0baaad5a712706f9","1-84a55135396f5db5b6b7f432f3b58d00","2013-02-09 19:08:00",+4.07636990000000E+001,-7.39855650000000E+001,"F595233BB11B4CDEE681ECDCD1BDF041","ACD4E6D4DD80B0535B5A84F7BA60B6F4",1,"2013-02-09 18:48:00",+4.07041660000000E+001,-7.40133290000000E+001,1,,+5.23000000000000E+000,1200,"VTS"
"b82334f15a8a256037f9617e8fb0d714","1-d4638aa501db3175ca61518aab51cc27","2013-02-11 00:53:07",+4.07086330000000E+001,-7.40152510000000E+001,"6F335F22DE351A951DBF01D7880B3011","6C1440837F31B7E48A0BFEDA11BF7A7A",2,"2013-02-11 00:28:53",+4.08106770000000E+001,-7.39525830000000E+001,1,"N",+9.60000000000000E+000,1454,"CMT"
"9ddbfcc7bd3acc3593d9342a67ec3348","1-6ce522711820f06e0204023b4fb6695f","2013-02-09 13:46:00",+4.07166790000000E+001,-7.40130230000000E+001,"E9D0EB50EF11E8D6DFF2B9200712D328","24AE158EBC2960B51908C1D2515D6B9C",1,"2013-02-09 13:33:00",+4.07468110000000E+001,-7.39813540000000E+001,1,,+3.27000000000000E+000,780,"VTS"
"611af4d788b3414d9d14f55708b71596","1-dbf5059176593c1a314df2df05544212","2013-02-11 20:40:16",+4.07643550000000E+001,-7.39790040000000E+001,"6C1530143904DB40CAC0EBD5BCAC0953","3B130B1492B5C12B2C12E898ADA8DCA1",1,"2013-02-11 20:04:09",+4.06447450000000E+001,-7.37817840000000E+001,2,"N",+5.70000000000000E+000,2167,"CMT"
"921dff6d559c342907e64a51cec4a3fe","1-787fbe226ae1c0f0ee6014a275ce122c","2013-02-09 12:48:00",+4.07739450000000E+001,-7.39822920000000E+001,"996222E697455AEE03551249CC4F7B74","82648133B20BFA7157F41024D4587F9F",1,"2013-02-09 12:24:00",+4.07739030000000E+001,-7.38732300000000E+001,1,,+1.06700000000000E+001,1440,"VTS"
"8b1b824ec8966c2fca693808f09e1a91","1-e51637281de9845429d8126dcfab832f","2013-02-09 02:06:00",+4.06025090000000E+001,-7.40721440000000E+001,"E63C65190C8631169C32E03736965EB1","FFC6BE0FC070E78A65F9A0858D10ED63",1,"2013-02-09 01:25:00",+4.07562560000000E+001,-7.39675750000000E+001,1,,+1.63000000000000E+001,2460,"VTS"
"c635d7759ccce57b894174320596d3fb","1-02b3fb79087f2b00f5e61545806aa194","2013-02-11 09:46:49",+4.07494280000000E+001,-7.39839250000000E+001,"885C7FB25FF1E1EFD66B1AA9A1CCFD83","A48FB16C3ACF5D733F2B905EBE8A5A7B",1,"2013-02-11 09:18:55",+4.07648540000000E+001,-7.39584430000000E+001,1,"N",+2.10000000000000E+000,1674,"CMT"
"8b1b824ec8966c2fca693808f0b5260b","1-d6a91785c3e80eff78202eedce5961ba","2013-02-09 18:41:00",+4.07411960000000E+001,-7.39787140000000E+001,"34DB0C17BCE7611576C2B5260C9D6843","18A5CF174D916625073B2D588707040E",1,"2013-02-09 18:26:00",+4.07561260000000E+001,-7.39893490000000E+001,1,,+2.11000000000000E+000,900,"VTS"
"9e88543386d8a159824511928e137460","1-788874c554beaa347d4c45100409e502","2013-02-09 01:20:00",+4.07287330000000E+001,-7.39815600000000E+001,"18B689ABF357A1CC10B45CC8E160E38A","2145E2701968796E8996F43F29A9D9BF",5,"2013-02-09 01:03:00",+4.07052150000000E+001,-7.40076680000000E+001,1,,+3.57000000000000E+000,1020,"VTS"
"c635d7759ccce57b8941743205b5a219","1-3e270b6ac1282aa9835ec3fd960cb837","2013-02-11 09:38:04",+4.07637670000000E+001,-7.39736100000000E+001,"8AB6B4358A947DD45BDDD2FB7C9617D4","F0D3979014729585E8D6E2AE3EC3B1FD",1,"2013-02-11 09:20:34",+4.07848820000000E+001,-7.39516300000000E+001,1,"N",+2.10000000000000E+000,1050,"CMT"
"b82334f15a8a256037f9617e8fe44579","1-3372428804a8ffca03b6cdba98c799a2","2013-02-11 00:29:45",+4.07143480000000E+001,-7.39997100000000E+001,"173E8BEBD0BA5932261EEE214E5AEDAE","41DFF791640B9E2452F8FC0120C4A9F7",2,"2013-02-11 00:15:15",+4.07459640000000E+001,-7.39880600000000E+001,1,"N",+3.00000000000000E+000,870,"CMT"
"2ba2bffd1fb72aa6a5c22e389c2509f1","1-b990f8f3747b8511f47f3bb80c134e2e","2013-01-11 15:20:57",+4.07155950000000E+001,-7.39602130000000E+001,"5B71A9FFEB33DEF922298885C3787F90","0C318B1F4A138D7F3976D09DAEF45929",1,"2013-01-11 15:01:46",+4.07371710000000E+001,-7.39867480000000E+001,1,"N",+4.10000000000000E+000,1150,"CMT"
"33f7c2024aa13aa531c61182ca7b7ed6","1-be40ff5972e43f551bb63dff1597b9b7","2013-01-11 22:09:04",+4.07456050000000E+001,-7.39800950000000E+001,"6E323D0D5405473A4982286D996FB942","184E74BE36BCEB1FDA5AED3229F5213A",1,"2013-01-11 21:53:32",+4.07947310000000E+001,-7.39402470000000E+001,1,"N",+4.30000000000000E+000,931,"CMT"
"33f7c2024aa13aa531c61182ca7bfe25","1-0857214e4a48f9e4cc3f3bc1152cd9e9","2013-01-11 22:09:34",+4.07243880000000E+001,-7.40053630000000E+001,"1DCF6E1E056CF62107A6E1FE36064DCB","56CE01E7DBE0E6449FA1758F082D8884",1,"2013-01-11 21:53:00",+4.07408260000000E+001,-7.39792400000000E+001,1,"N",+2.30000000000000E+000,993,"CMT"
"174111e24b7d1d89dff2da7c09c2ef46","1-4d7e480bd9dc9ca301626414d415f4f0","2013-01-11 20:14:27",+4.07213210000000E+001,-7.39922790000000E+001,"41A3BB27289FA9F7353E4B7205D28BF3","A5416F19EEC31AA2C29CB1C4AA3CAB65",3,"2013-01-11 19:40:59",+4.07660480000000E+001,-7.39872280000000E+001,1,"N",+4.00000000000000E+000,2007,"CMT"
"24c527e19336b7f70d1f20b999d29e51","1-1dd9b92b2ba506f24d36ddede8b06ef0","2013-01-11 15:53:34",+4.07821040000000E+001,-7.39539720000000E+001,"14AEE6BBC50B8C636D1577538A02C873","0D5FE237D0F5DA6A28B80155EA0B0160",5,"2013-01-11 15:36:57",+4.07553440000000E+001,-7.39865420000000E+001,1,"N",+3.40000000000000E+000,996,"CMT"
"174111e24b7d1d89dff2da7c09efa811","1-75228921f0096021bb6037730b409f58","2013-01-11 15:20:01",+0.00000000000000E+000,+0.00000000000000E+000,"F5C5E18E874462D07C725ED938987EB6","15D8476E818B8009EAC8018D2D4E8917",3,"2013-01-11 15:06:39",+0.00000000000000E+000,+0.00000000000000E+000,1,"N",+3.70000000000000E+000,802,"CMT"
"38265a16f050bbdb993187b3cd80b6fa","1-3e839548d6305d262e865182c3468783","2013-01-11 23:11:17",+4.07757680000000E+001,-7.39526600000000E+001,"D919C74693A39D73D8E07A1AF32E5BEA","1E9EF2DD9FB562CA2AD28B97942EBE2E",2,"2013-01-11 22:51:00",+4.06889990000000E+001,-7.39808500000000E+001,1,"N",+8.50000000000000E+000,1216,"VTS"
"33f7c2024aa13aa531c61182caabefc4","1-4b6c05f068329b91bdd821cb366b45f9","2013-01-11 22:46:05",+4.07126310000000E+001,-7.39519880000000E+001,"9AE15B25337408ED736F068F99E562C5","D2A54CCEA77527E69E6C65125CACD01D",1,"2013-01-11 22:26:51",+4.07144850000000E+001,-7.40089490000000E+001,1,"N",+3.90000000000000E+000,1154,"CMT"
"38265a16f050bbdb993187b3cd81c00d","1-c4cce55db96d621bfe94a2145d24cdd6","2013-01-11 18:41:42",+4.07024500000000E+001,-7.39873580000000E+001,"959BCB438368B2FD4A144EB9416C617F","017E2086C5C6F72A346B608AAF54F960",2,"2013-01-11 18:02:48",+4.07588690000000E+001,-7.39858400000000E+001,1,"N",+6.50000000000000E+000,2334,"CMT"
"174111e24b7d1d89dff2da7c09f05904","1-b19228cdc0ddd8ddd63826fbc8b82b2f","2013-01-11 01:19:31",+4.07931670000000E+001,-7.39730000000000E+001,"7486D59EEB11590BBCB89E01D9116296","1A8B31E8D8962A7DCA0DAC99BC65FBE0",1,"2013-01-11 01:00:42",+4.07205390000000E+001,-7.39872590000000E+001,1,"N",+7.60000000000000E+000,1129,"CMT"
"38265a16f050bbdb993187b3cd8281dc","1-4e5a746cb64a3be033214999d88abccb","2013-01-11 23:19:16",+4.06897810000000E+001,-7.39526750000000E+001,"A4C7F74092A68989D0F3FB86361225FE","F927B7D2479988F49FF57AB3A7D2183F",1,"2013-01-11 22:41:26",+4.07637980000000E+001,-7.39822390000000E+001,1,"N",+7.60000000000000E+000,2269,"CMT"
"2ba2bffd1fb72aa6a5c22e389c4de22f","1-516673be38699a01ca4c11410337e2b8","2013-01-11 21:13:40",+4.07306790000000E+001,-7.39810100000000E+001,"576C2E465B2B6F49E3F8FC7A80A1CE47","E1690871254B27C490029EE0BAE07274",2,"2013-01-11 20:55:53",+4.07740290000000E+001,-7.38730010000000E+001,1,"N",+9.20000000000000E+000,1066,"VTS"
"89ad8ca69e4c36dec9f62931e6c4d4bb","1-fc269992e4b2714420b231a6d5652024","2013-11-26 00:38:37",+4.06701280000000E+001,-7.39775540000000E+001,"DB75BDE6968294CE648FF53262FCF48A","2A9D60D746CC8C9F1DADE65B9BCE76CB",1,"2013-11-26 00:15:37",+4.07532920000000E+001,-7.39963990000000E+001,1,"N",+6.70000000000000E+000,1379,"CMT"
"de62548fe6302c569a349bf561779be8","1-62b92f7bf486f8418125e5c0faaf1af1","2013-11-26 02:47:44",+4.07532420000000E+001,-7.38686680000000E+001,"A96A9AEDF2169A010993C988450B4EDA","3AD4CDEC014D6E1A51117655E6D9BB5F",2,"2013-11-26 02:26:22",+4.07592470000000E+001,-7.39922030000000E+001,1,"N",+9.30000000000000E+000,1281,"CMT"
